,SPY,QQQ,XLV,XLE,VNQ,ICLN
SPY,1.0,0.9570917840677372,0.6860417030831971,0.4644524213787406,0.7007673046242858,0.5658956351434158
QQQ,0.9570917840677372,1.0,0.5542607707710671,0.32735354683761736,0.5841804594300384,0.5481443962627914
XLV,0.6860417030831971,0.5542607707710671,1.0,0.32070543499427123,0.6475160806065458,0.4072980687864874
XLE,0.4644524213787406,0.32735354683761736,0.32070543499427123,1.0,0.3539721338410208,0.3019930147543138
VNQ,0.7007673046242858,0.5841804594300384,0.6475160806065458,0.3539721338410208,1.0,0.585042078690863
ICLN,0.5658956351434158,0.5481443962627914,0.4072980687864874,0.3019930147543138,0.585042078690863,1.0
